word,length,attempts,mistakes
salmiac,7,11,6
commiserator,12,10,2
angled,6,9,4
mightily,8,13,8
unhallow,8,13,8
sympathetic,11,11,4
asperous,8,10,5
mythoplasm,10,13,6
heretification,14,8,1
handmaiden,10,11,6
telangiectasy,13,9,2
censual,7,11,5
timber,6,15,10
proant,6,10,5
calibration,11,10,2
organista,9,7,1
floater,7,10,4
-graphy,7,16,11
midnight sun,12,14,7
weedy,5,14,11
obstetrician,12,8,0
philhellenism,13,11,5
treasury stock,14,10,3
indolently,10,10,4
benefiter,9,10,5
chapareras,10,10,5
dellacruscan,12,11,4
clawback,8,15,11
sorbent,7,9,3
entermise,9,7,1
poppet,6,13,9
sturdily,8,12,6
nouvelle riche,14,9,3
pinetum,7,11,6
ursal,5,11,6
master,6,15,10
relesse,7,9,5
consistently,12,10,2
whap,4,16,13
zonule,6,12,7
sea colewort,12,10,3
passe partout,13,12,5
cytogenic,9,11,5
explosion,9,10,4
phrenetical,11,10,3
varier,6,16,12
apicular,8,11,6
autochthonal,12,10,4
comprehensively,15,11,2
bespirt,7,10,5
odontograph,11,12,6
oscillate,9,8,2
indiscreet,10,8,2
haphtarah,9,13,9
stillion,8,9,3
perradial,9,10,4
newsmonger,10,11,6
capsulary,9,12,6
woodpecker,10,12,6
reappearance,12,7,3
supervisal,10,12,5
curlew,6,17,12
plurisy,7,13,8
burrower,8,12,8
domesman,8,11,5
somnolent,9,10,4
zamite,6,14,9
grecian,7,10,4
renunciation,12,9,2
tubulariae,10,8,3
clasper,7,11,5
dispiteous,10,11,5
mamelon,7,10,5
persulphocyanate,16,11,1
roadster,8,9,4
bawdy,5,16,12
blowth,6,19,14
t connection,12,7,2
towline,7,9,3
cyclonoscope,12,11,4
stannary,8,9,4
malingery,9,12,5
tenthly,7,10,6
cragginess,10,12,5
sal,3,15,12
bittock,7,10,6
hectocotylized,14,10,4
gnathite,8,11,6
whalebone,9,14,9
forthy,6,13,8
reefer,6,7,5
reciprocous,11,11,5
gallicize,9,12,7
pusillanimity,13,11,4
isospondyli,11,10,5
bloodshedder,12,11,5
assuetude,9,10,6
bell jar,8,16,11
jaculate,8,12,6
photoscope,10,13,7
dawdle,6,14,10
pultaceous,10,12,4
abray,5,11,8
swingletree,11,9,2
zooid,5,14,11
autocratrix,11,8,2
epigraphy,9,14,8
quadruplication,15,11,2
anagnorisis,11,9,4
acidity,7,10,6
ironic,6,9,5
reconduct,9,12,6
sonties,7,8,3
insecurity,10,10,3
seeress,7,7,4
felanders,9,11,5
enseel,6,8,5
pains,5,13,9
appearance,10,9,5
fasten,6,11,6
quackle,7,15,10
multifarious,12,13,5
cudbear,7,11,6
skeleton,8,10,4
liane,5,8,3
vitriolize,10,10,4
bdellomorpha,12,12,5
catskill period,15,10,1
pellibranchiata,15,9,2
roughcaster,11,9,3
teleozoon,9,8,4
shearing,8,10,4
convene,7,11,7
shorl,5,10,6
trichomanes,11,8,0
affirmance,10,15,8
uraeus,6,13,8
vizierial,9,11,6
mitigable,9,13,7
chronologer,11,11,5
water crake,11,11,6
semicentennial,14,7,1
misgye,6,16,11
phasing transformer,19,9,2
pentecostal,11,10,2
pentalpha,9,13,7
athanasia,9,8,3
prythee,7,14,10
spelter,7,9,4
lucifrian,9,10,4
holloa,6,11,8
stannic,7,9,4
soporous,8,11,7
seaboat,7,10,5
laudatory,9,11,5
moor,4,12,10
consensual,10,10,3
apocryphal,10,11,5
meteor,6,9,5
dendroid,8,10,4
strangurious,12,10,3
polder,6,11,5
gastronomic,11,11,3
cephalology,11,11,5
pimping,7,15,10
chyle,5,17,13
dilute,6,11,5
lutulent,8,10,6
feasibility,11,10,4
sympetalous,11,11,4
insulary,8,9,3
gardenship,10,13,5
dotery,6,11,6
tottery,7,7,4
gasometer,9,12,6
shippen,7,13,8
flative,7,11,6
piciform,8,14,8
star-blind,10,16,8
cinctured,9,11,4
wing,4,22,19
finicking,9,15,11
instaurator,11,8,1
fitz,4,22,19
quinia,6,11,7
margrave,8,13,9
semitransparency,16,10,3
moderato,8,10,5
mesocoele,9,10,5
debitor,7,12,7
accomplice,10,11,5
gummiferous,11,16,8
diva,4,13,10
pharyngotomy,12,14,6
lasse,5,6,2
transverberate,14,7,2
sporadical,10,10,3
tampeon,7,10,5
scollop,7,11,7
committible,11,10,4
bibliolater,11,10,3
belligerence,12,10,4
sarsenet,8,7,1
centralize,10,11,3
theosophical,12,10,2
ectoprocta,10,10,4
insuppressive,13,10,5
physicologic,12,12,6
proverbialist,13,10,2
dissimilation,13,12,4
disputative,11,12,6
baccate,7,13,9
grazing,7,14,9
sempster,8,10,6
listerize,9,10,4
begod,5,14,9
pentagynia,10,11,5
scullionly,10,10,4
blindage,8,12,6
deducive,8,11,7
snap shot,9,11,6
decadent,8,11,5
propugner,9,13,7
consular,8,11,4
republication,13,12,3
cutpurse,8,11,5
toluic,6,11,6
underbrush,10,18,12
valueless,9,18,14
hexyl,5,17,13
blench holding,14,14,7
liroconite,10,10,2
multiplicable,13,11,4
peon,4,13,9
potestate,9,10,5
unabridged,10,13,6
tendment,8,8,5
penis,5,11,7
oreades,7,10,4
zooeloger,9,9,5
groin,5,12,8
muskat,6,13,8
vent,4,20,17
ovist,5,9,5
extrageneous,12,9,2
kind-hearted,12,12,5
preventable,11,12,6
synod,5,11,7
sea rat,7,9,4
leitmotif,9,10,5
curari,6,12,8
angioscope,10,10,3
taurocolla,10,9,4
malacologist,12,11,4
raving,6,15,10
tenotome,8,8,4
peruser,7,14,10
vertiginous,11,11,3
hobbyhorse,10,14,10
bobtailed,9,12,5
trigamous,9,11,4
empanoplied,11,9,3
warmer,6,13,9
muggard,7,14,9
cinchonic,9,12,8
flipe,5,14,10
celandine,9,11,4
interlamination,15,9,2
chout,5,12,7
amyss,5,12,9
picarian,8,12,7
trecentist,10,9,4
reillume,8,8,4
megascopic,10,12,5
myrica,6,12,7
dehumanize,10,12,6
protectionism,13,11,4
diactinic,9,11,6
inclining,9,9,6
pearch,6,14,9
globulite,9,12,6
diffractive,11,14,7
chandler,8,11,4
irresolution,12,8,1
cesspipe,8,12,8
preexistimation,15,10,2
metabole,8,11,6
argilliferous,13,9,2
gesticulation,13,10,1
ley,3,15,12
hibernate,9,11,5
oppleted,8,10,6
withernam,9,12,5
bahar,5,17,14
dignify,7,14,10
rumpled,7,11,6
lepidopteral,12,9,2
upsun,5,11,8
dissectible,11,11,5
poon,4,12,9
misteach,8,10,4
afoul,5,14,10
anime,5,9,5
nodular,7,10,5
insurmountably,14,8,1
susurrant,9,10,5
peshito,7,9,4
lapidescence,12,10,3
inexpediently,13,9,4
mitt,4,9,7
pebble,6,16,12
exurgent,8,11,6
bygone,6,16,11
dispensable,11,11,4
diffusibility,13,16,9
polyoptron,10,12,6
circumgyre,10,16,10
glucinum,8,13,7
metalepsy,9,12,6
relevantly,10,10,4
enlay,5,7,3
plerome,7,10,6
taenioidea,10,7,1
liturgist,9,11,6
pliable,7,11,6
strumatic,9,10,4
globeflower,11,16,11
prisage,7,12,5
abyme,5,17,13
interpolated,12,9,2
imperspicuity,13,11,4
debenture,9,11,6
crosscut,8,11,5
balefire,8,10,5
paparchy,8,15,11
baptizable,10,15,8
utricularia,11,10,4
urinarium,9,12,7
shay,4,15,12
layette,7,9,5
pipal tree,10,14,7
vagabond,8,15,11
jaspidean,9,10,4
vouch,5,19,15
coaly,5,11,6
lapis lazuli,12,11,6
toucan,6,10,5
pterygopodium,13,13,5
stockinger,10,10,2
dartrous,8,11,5
controversal,12,10,1
alcyonic,8,10,4
crownlet,8,10,3
vaguely,7,16,11
horseshoe,9,10,6
wood hyacinth,13,13,7
saporous,8,12,8
seraphina,9,11,5
autotransformer,15,7,1
shemite,7,10,6
advowson,8,13,8
baubee,6,14,11
finger,6,16,11
officinal,9,9,3
anapaestic,10,7,1
transcalency,12,12,5
ritualistic,11,9,3
misbear,7,12,7
ascertain,9,9,3
reprize,7,12,8
tinnock,7,9,5
lantern,7,8,2
cowan,5,12,8
ledgy,5,10,6
wanting,7,12,8
echinodermatous,15,8,0
factorize,9,10,3
neuroglia,9,9,2
krems,5,15,11
concoction,10,9,4
runnel,6,10,5
recumbent,9,13,7
crustal,7,11,5
quit,4,11,8
windiness,9,13,8
intensify,9,11,6
confract,8,12,6
copying,7,16,11
magical,7,12,7
rashness,8,10,5
supramaxilla,12,12,6
sheepy,6,16,12
transfixion,11,11,4
unwind,6,14,10
woodpeck,8,14,9
mamillated,10,11,5
enigmatize,10,11,6
worshiper,9,13,7
cist,4,13,10
memoriter,9,10,5
disapprove,10,11,4
betterness,10,10,5
indefensibility,15,9,3
finally,7,11,7
maybird,7,13,8
gern,4,15,12
sandal,6,10,6
parsimonious,12,11,4
intreasure,10,7,1
daydream,8,11,7
unkle,5,12,8
angiospermatous,15,9,1
lych gate,9,13,8
palliative,10,10,5
pismire,7,12,7
rude,4,12,9
sinewish,8,10,6
intercept,9,10,4
cyprian,7,12,7
ambrite,7,10,5
apocrustic,10,9,2
devocalize,10,12,5
glycocin,8,13,8
cardoon,7,11,6
overcover,9,11,7
idiotize,8,8,4
tetric,6,7,3
dishabituate,12,11,5
pothouse,8,11,5
judgment,8,15,9
cream-fruit,11,12,5
concremation,12,11,2
wiclifite,9,13,8
unlabored,9,10,3
insultation,11,11,5
craniology,10,10,3
solidungulate,13,11,3
haranguer,9,13,8
acater,6,7,3
accountability,14,9,3
plumery,7,13,8
pugilist,8,12,7
weyleway,8,18,14
ascidium,8,12,7
evangelian,10,9,4
tull,4,9,6
slangy,6,12,7
biochemistry,12,14,6
left,4,15,12
brigand,7,13,8
arango,6,9,5
weiss beer,10,12,8
vicegerent,10,10,4
indenize,8,9,6
infeasibleness,14,7,2
invillaged,10,10,4
onomastic,9,8,2
seposition,10,9,3
telestich,9,10,5
cate,4,20,17
independent,11,9,5
contemplativeness,17,9,2
majuscule,9,13,7
pici,4,16,14
portmantle,10,11,4
calmucks,8,12,7
poetess,7,10,6
obsequiously,12,11,5
clung,5,13,9
trickiness,10,9,3
democrat,8,11,5
khamsin,7,13,8
devilish,8,12,7
rigging,7,9,5
gruelly,7,12,8
solenoglypha,12,12,5
broncho,7,13,9
entomologize,12,9,4
grovel,6,13,8
outfoot,7,7,5
surbet,6,11,6
basipterygoid,13,12,5
knopped,7,13,8
girtline,8,10,4
polychroism,11,12,5
snotter,7,9,3
witherband,10,15,7
orthodoxy,9,13,10
martyrly,8,13,8
constrictive,12,10,2
footy,5,13,10
herborist,9,11,5
disuniter,9,10,3
improvided,10,10,5
remuneration,12,9,2
lampadrome,10,12,5
hedonistic,10,10,3
rudiment,8,11,5
xanthamide,10,15,8
anatifer,8,7,1
passacaglio,11,11,4
tineman,7,8,3
suprapedal,10,12,5
terreplein,10,7,2
laxator,7,9,4
albigensian,11,8,2
poetaster,9,10,4
muscat,6,12,7
discloak,8,11,4
orbit,5,7,3
isochronal,10,10,3
preconize,9,10,4
dignation,9,19,14
revolvency,10,16,10
hoarder,7,11,6
allotropical,12,7,2
cicatrix,8,11,6
yesteryear,10,11,6
multitubular,12,12,5
motivo,6,15,11
amass,5,10,8
conventioner,12,10,3
pial,4,11,7
innumerous,10,10,3
disesteem,9,10,6
loller,6,6,2
freemason,9,9,3
perduration,11,12,3
lagomorph,9,12,6
helichrysum,11,14,6
jaggery,7,14,10
saurian,7,10,5
scow,4,14,11
miniard,7,11,6
choctaws,8,13,8
myoma,5,14,10
moiety,6,13,8
besnuff,7,15,11
quickbeam,9,13,8
assume,6,13,9
surrejoinder,12,9,3
paridigitate,12,11,6
box kite,8,17,12
peristerite,11,9,4
amy,3,16,13
halliard,8,14,10
estival,7,8,2
batten,6,10,6
refrigerate,11,8,3
catechetically,14,10,4
incommodement,13,11,5
scenography,11,11,3
barbaric,8,12,8
athink,6,15,10
altivolant,10,10,4
sombreness,10,8,3
tuscan,6,11,6
inurbane,8,10,5
antislavery,11,8,1
scapegallows,12,10,4
eclipse,7,11,7
weanel,6,10,6
kyriolexy,9,15,10
tousel,6,11,6
spermatozoon,12,11,4
courtesan,9,10,2
biforked,8,17,11
despondingly,12,12,5
sandbagger,10,12,6
sewage,6,14,10
sex,3,23,20
minoress,8,11,5
pedestrial,10,10,3
open-headed,11,11,6
subterranean,12,9,3
recitativo,10,8,2
demonstrator,12,11,4
superexcellence,15,10,4
slewed,6,11,7
pediculati,10,12,5
puppet,6,13,9
untrue,6,10,5
elector,7,9,4
dyas,4,12,9
impedance,9,11,5
unbehovely,10,14,9
skiagraphy,10,13,8
conjecturally,13,12,4
postprandial,12,10,2
glandulation,12,14,7
gubernance,10,14,8
hairsplitter,12,9,2
contemptuously,14,11,3
firmament,9,11,4
osteoplast,10,10,4
maltreatment,12,9,3
